index,joint_name,parent_index,parent_name,chain_depth,region,side,leg,segment,segment_code,anatomical_joint,dof_biological,literature_coverage,proposed_prior_policy,in_primary_endpoint,symmetry_partner,symmetry_partner_index,rest_x,rest_y,rest_z,blender_axis_TODO,blender_sign_TODO
0,b_t,-1,,0,thorax,,,thorax,,root,,n/a (root),free,no,,-1,0.129998,0.018773,0.068149,,
1,b_a_1,0,b_t,1,abdomen,,,abdominal segment 1,,intersegmental,,sparse,free,no,,-1,-0.146334,-0.008762,0.065914,,
2,b_a_2,1,b_a_1,2,abdomen,,,abdominal segment 2,,intersegmental,,sparse,free,no,,-1,-0.370993,-0.02203,0.086643,,
3,b_a_3,2,b_a_2,3,abdomen,,,abdominal segment 3,,intersegmental,,sparse,free,no,,-1,-0.538558,-0.017532,0.111906,,
4,b_a_4,3,b_a_3,4,abdomen,,,abdominal segment 4,,intersegmental,,sparse,free,no,,-1,-0.658376,-0.002493,0.213814,,
5,b_a_5,4,b_a_4,5,abdomen,,,abdominal segment 5,,intersegmental,,sparse,free,no,,-1,-0.72564,-0.007032,0.229586,,
6,l_1_co_r,0,b_t,1,leg,right,front (prothoracic),coxa,co,ThC,protraction/retraction (alpha),well documented,constrain,yes,l_1_co_l,26,0.44306,-0.082362,-0.04526,,
7,l_1_tr_r,6,l_1_co_r,2,leg,right,front (prothoracic),trochanter,tr,CTr,levation/depression (beta),well documented,constrain,yes,l_1_tr_l,27,0.468967,-0.125349,-0.016627,,
8,l_1_fe_r,7,l_1_tr_r,3,leg,right,front (prothoracic),femur,fe,TrF,"trochantero-femoral, fused in stick insects",n/a (fused),lock,no,l_1_fe_l,28,0.557234,-0.21515,0.198749,,
9,l_1_ti_r,8,l_1_fe_r,4,leg,right,front (prothoracic),tibia,ti,FTi,flexion/extension (gamma),best documented,constrain,yes,l_1_ti_l,29,0.639123,-0.281052,0.018104,,
10,l_1_ta_r,9,l_1_ti_r,5,leg,right,front (prothoracic),tarsus,ta,TiTa,largely passive,sparse,free,no,l_1_ta_l,30,0.673995,-0.315929,-0.080478,,
11,l_1_pt_r,10,l_1_ta_r,6,leg,right,front (prothoracic),pretarsus,pt,TaPt,"claw, passive",absent,free,no,l_1_pt_l,31,0.70958,-0.353845,-0.156517,,
12,l_2_co_r,0,b_t,1,leg,right,middle (mesothoracic),coxa,co,ThC,protraction/retraction (alpha),well documented,constrain,yes,l_2_co_l,32,0.186076,-0.126315,-0.087484,,
13,l_2_tr_r,12,l_2_co_r,2,leg,right,middle (mesothoracic),trochanter,tr,CTr,levation/depression (beta),well documented,constrain,yes,l_2_tr_l,33,0.210043,-0.169735,-0.032407,,
14,l_2_fe_r,13,l_2_tr_r,3,leg,right,middle (mesothoracic),femur,fe,TrF,"trochantero-femoral, fused in stick insects",n/a (fused),lock,no,l_2_fe_l,34,0.268891,-0.275767,0.182733,,
15,l_2_ti_r,14,l_2_fe_r,4,leg,right,middle (mesothoracic),tibia,ti,FTi,flexion/extension (gamma),best documented,constrain,yes,l_2_ti_l,35,0.264644,-0.378314,0.004088,,
16,l_2_ta_r,15,l_2_ti_r,5,leg,right,middle (mesothoracic),tarsus,ta,TiTa,largely passive,sparse,free,no,l_2_ta_l,36,0.251364,-0.424906,-0.114441,,
17,l_2_pt_r,16,l_2_ta_r,6,leg,right,middle (mesothoracic),pretarsus,pt,TaPt,"claw, passive",absent,free,no,l_2_pt_l,37,0.249308,-0.474497,-0.169006,,
18,l_3_co_r,0,b_t,1,leg,right,hind (metathoracic),coxa,co,ThC,protraction/retraction (alpha),well documented,constrain,yes,l_3_co_l,38,-0.042612,-0.144924,-0.040356,,
19,l_3_tr_r,18,l_3_co_r,2,leg,right,hind (metathoracic),trochanter,tr,CTr,levation/depression (beta),well documented,constrain,yes,l_3_tr_l,39,-0.093534,-0.190986,0.044567,,
20,l_3_fe_r,19,l_3_tr_r,3,leg,right,hind (metathoracic),femur,fe,TrF,"trochantero-femoral, fused in stick insects",n/a (fused),lock,no,l_3_fe_l,40,-0.193865,-0.263711,0.282622,,
21,l_3_ti_r,20,l_3_fe_r,4,leg,right,hind (metathoracic),tibia,ti,FTi,flexion/extension (gamma),best documented,constrain,yes,l_3_ti_l,41,-0.41153,-0.425689,0.012157,,
22,l_3_ta_r,21,l_3_ti_r,5,leg,right,hind (metathoracic),tarsus,ta,TiTa,largely passive,sparse,free,no,l_3_ta_l,42,-0.48416,-0.484984,-0.117108,,
23,l_3_pt_r,22,l_3_ta_r,6,leg,right,hind (metathoracic),pretarsus,pt,TaPt,"claw, passive",absent,free,no,l_3_pt_l,43,-0.521498,-0.506935,-0.149794,,
24,w_1_r,0,b_t,1,wing,right,,wing segment 1,,,,absent,free,no,w_1_l,44,0.20675,-0.03965,0.074114,,
25,w_2_r,0,b_t,1,wing,right,,wing segment 2,,,,absent,free,no,w_2_l,45,0.04387,-0.045962,0.060412,,
26,l_1_co_l,0,b_t,1,leg,left,front (prothoracic),coxa,co,ThC,protraction/retraction (alpha),well documented,constrain,yes,l_1_co_r,6,0.462849,0.088047,-0.028964,,
27,l_1_tr_l,26,l_1_co_l,2,leg,left,front (prothoracic),trochanter,tr,CTr,levation/depression (beta),well documented,constrain,yes,l_1_tr_r,7,0.465768,0.127379,-0.027969,,
28,l_1_fe_l,27,l_1_tr_l,3,leg,left,front (prothoracic),femur,fe,TrF,"trochantero-femoral, fused in stick insects",n/a (fused),lock,no,l_1_fe_r,8,0.558907,0.24444,0.20241,,
29,l_1_ti_l,28,l_1_fe_l,4,leg,left,front (prothoracic),tibia,ti,FTi,flexion/extension (gamma),best documented,constrain,yes,l_1_ti_r,9,0.660838,0.321344,0.043245,,
30,l_1_ta_l,29,l_1_ti_l,5,leg,left,front (prothoracic),tarsus,ta,TiTa,largely passive,sparse,free,no,l_1_ta_r,10,0.696601,0.352359,-0.041669,,
31,l_1_pt_l,30,l_1_ta_l,6,leg,left,front (prothoracic),pretarsus,pt,TaPt,"claw, passive",absent,free,no,l_1_pt_r,11,0.718503,0.373347,-0.102924,,
32,l_2_co_l,0,b_t,1,leg,left,middle (mesothoracic),coxa,co,ThC,protraction/retraction (alpha),well documented,constrain,yes,l_2_co_r,12,0.190743,0.131506,-0.06636,,
33,l_2_tr_l,32,l_2_co_l,2,leg,left,middle (mesothoracic),trochanter,tr,CTr,levation/depression (beta),well documented,constrain,yes,l_2_tr_r,13,0.217408,0.176856,-0.019751,,
34,l_2_fe_l,33,l_2_tr_l,3,leg,left,middle (mesothoracic),femur,fe,TrF,"trochantero-femoral, fused in stick insects",n/a (fused),lock,no,l_2_fe_r,14,0.280007,0.314173,0.14879,,
35,l_2_ti_l,34,l_2_fe_l,4,leg,left,middle (mesothoracic),tibia,ti,FTi,flexion/extension (gamma),best documented,constrain,yes,l_2_ti_r,15,0.264532,0.440248,0.020533,,
36,l_2_ta_l,35,l_2_ti_l,5,leg,left,middle (mesothoracic),tarsus,ta,TiTa,largely passive,sparse,free,no,l_2_ta_r,16,0.259657,0.51511,-0.083044,,
37,l_2_pt_l,36,l_2_ta_l,6,leg,left,middle (mesothoracic),pretarsus,pt,TaPt,"claw, passive",absent,free,no,l_2_pt_r,17,0.255657,0.568449,-0.149078,,
38,l_3_co_l,0,b_t,1,leg,left,hind (metathoracic),coxa,co,ThC,protraction/retraction (alpha),well documented,constrain,yes,l_3_co_r,18,-0.060684,0.149988,-0.031455,,
39,l_3_tr_l,38,l_3_co_l,2,leg,left,hind (metathoracic),trochanter,tr,CTr,levation/depression (beta),well documented,constrain,yes,l_3_tr_r,19,-0.125193,0.23155,0.025126,,
40,l_3_fe_l,39,l_3_tr_l,3,leg,left,hind (metathoracic),femur,fe,TrF,"trochantero-femoral, fused in stick insects",n/a (fused),lock,no,l_3_fe_r,20,-0.233125,0.358346,0.213511,,
41,l_3_ti_l,40,l_3_fe_l,4,leg,left,hind (metathoracic),tibia,ti,FTi,flexion/extension (gamma),best documented,constrain,yes,l_3_ti_r,21,-0.437429,0.489974,0.036859,,
42,l_3_ta_l,41,l_3_ti_l,5,leg,left,hind (metathoracic),tarsus,ta,TiTa,largely passive,sparse,free,no,l_3_ta_r,22,-0.522143,0.510981,-0.082967,,
43,l_3_pt_l,42,l_3_ta_l,6,leg,left,hind (metathoracic),pretarsus,pt,TaPt,"claw, passive",absent,free,no,l_3_pt_r,23,-0.558857,0.5236,-0.129537,,
44,w_1_l,0,b_t,1,wing,left,,wing segment 1,,,,absent,free,no,w_1_r,24,0.211486,0.051991,0.077733,,
45,w_2_l,0,b_t,1,wing,left,,wing segment 2,,,,absent,free,no,w_2_r,25,0.042182,0.044358,0.064177,,
46,b_h,0,b_t,1,head,,,head,,neck,,sparse,free,no,,-1,0.504115,0.038256,0.001592,,
47,ma_r,46,b_h,2,mouthparts,right,,mandible/maxilla,,,,absent,free,no,ma_l,51,0.547465,0.001174,-0.112597,,
48,an_1_r,46,b_h,2,antenna,right,,antennal segment 1,,,,absent,free,no,an_1_l,52,0.56299,0.001879,-0.066422,,
49,an_2_r,48,an_1_r,3,antenna,right,,antennal segment 2,,,,absent,free,no,an_2_l,53,0.833132,-0.019801,0.044359,,
50,an_3_r,49,an_2_r,4,antenna,right,,antennal segment 3,,,,absent,free,no,an_3_l,54,0.959786,-0.030937,0.113518,,
51,ma_l,46,b_h,2,mouthparts,left,,mandible/maxilla,,,,absent,free,no,ma_r,47,0.536682,0.056248,-0.115092,,
52,an_1_l,46,b_h,2,antenna,left,,antennal segment 1,,,,absent,free,no,an_1_r,48,0.549721,0.062348,-0.061182,,
53,an_2_l,52,an_1_l,3,antenna,left,,antennal segment 2,,,,absent,free,no,an_2_r,49,0.80408,0.075624,0.013841,,
54,an_3_l,53,an_2_l,4,antenna,left,,antennal segment 3,,,,absent,free,no,an_3_r,50,0.93727,0.089503,0.074737,,
